country_alpha,loc_code,year,n,tradagg_mean,survsagg_mean
ALB,8001,2002,209,-0.11874959001318332,-0.6813032524549615
ALB,8001,1998,237,0.34265630074016706,-0.9026677374249279
ALB,8002,2002,186,0.22266234417839015,-0.8415979278104805
ALB,8002,1998,154,0.6228191850488164,-1.0504453574155268
ALB,8004,1998,62,0.451188021620076,-0.8281057630618182
AND,2,2018,87,0.7167486773628609,1.7601104305873176
AND,2,2005,215,0.8676057745086533,1.6940453001499918
AND,20001,2018,53,-0.13056774297851395,2.1081936076304464
AND,20001,2005,112,0.18838056750487864,1.7099451566703832
AND,20005,2018,61,0.755731983274829,2.1932181510176445
AND,20005,2005,220,1.0930966844374965,2.0839474192091916
AND,20006,2005,95,1.1787621092514717,2.6180739828465067
AND,20008,2018,56,0.12080657750359954,2.2556705037284397
ARG,3,1999,69,-0.5188799442396768,-0.15185423032754422
ARG,3,1995,78,-0.17056790288287507,0.1156524522035189
ARG,4,2013,71,0.14197165448035715,-0.00529510230670465
ARG,5,2013,72,0.27481156250455363,0.3295500733882213
ARG,5,1995,108,-0.5619909766167214,0.3841535355640351
ARG,32001,2017,211,-0.09503755451169663,0.37501379045008454
ARG,32001,2013,220,-0.3118462989327613,0.7482551936774599
ARG,32004,2013,65,-0.12414411712940057,0.45688944146184357
ARG,32006,1995,111,0.2432596745522283,1.0397936004569979
ARG,32009,2017,176,-0.5982802211230893,0.6063086017022709
ARG,32012,2006,241,-0.9650527112314153,0.35543625597784484
ARG,32012,1999,262,-1.2222299758872288,0.03974633208057452
ARG,32012,1995,232,-1.0100980773309987,0.07653710855045716
ARG,32013,1999,272,-0.6267907013365234,0.4301987345135776
ARG,32013,1995,107,-0.5693143388383877,0.5183306997646423
ARG,32101,2017,102,-0.4044961616570246,0.23381637834721877
ARG,32105,2017,50,-0.5634001226348253,0.5011803302498787
ARM,2,2021,62,-1.2316892561679955,-0.9006338015330877
ARM,4,2021,208,-1.2471251767231375,-0.7800901263430116
ARM,4,2011,131,-0.4787136918209228,-1.4055871044885442
ARM,4,1997,73,0.47072490917923826,-1.2229363596913325
ARM,51001,1997,274,0.24627022182031139,-0.7370121939759444
ARM,51002,1997,208,0.8872858670186721,-0.901631391698394
ARM,51003,1997,276,0.8905695592498271,-1.3557134473744954
ARM,51005,1997,130,0.8485356410114203,-0.7697750977779554
ARM,51006,1997,65,1.1737718589884731,-1.1680228489241515
ARM,51007,1997,70,0.6785708663354731,-0.7793508412620195
ARM,51009,2011,216,-0.9546089542245397,-1.1611939318438447
ARM,51027,2011,191,-0.9056895864047123,-1.1056357484570958
ARM,51035,2021,291,-1.5225426813605745,-0.7320911026094405
AUS,8,1995,137,-0.33134126223337224,2.0469722832048114
AUS,36001,2018,490,0.5716030639132308,2.423579332223977
AUS,36001,2012,406,0.31096116005308977,2.087901774066515
AUS,36001,2005,376,0.04660498346030728,2.224424738073369
AUS,36001,1995,589,-0.39262697054112217,1.9329684827266187
AUS,36002,2018,601,-0.05670936704971952,2.451017550156175
AUS,36002,2012,563,-0.26216988914600153,1.9837495222899537
AUS,36002,2005,586,-0.3529203234506643,1.9646410271499224
AUS,36002,1995,582,-0.7400343937170799,1.907834850042247
AUS,36003,2018,63,-0.4390397279758484,2.171706384551897
AUS,36003,2012,73,-0.26018781900396837,1.6094255580502521
AUS,36003,1995,87,-1.0128396485564968,1.3463476746094332
AUS,36004,2018,211,1.6151549454164122,2.9366940215944077
AUS,36004,2012,173,1.0676719052518369,2.5512634548633706
AUS,36004,2005,103,0.7895031453083625,2.881220747872412
AUS,36004,1995,145,0.29246124431201365,2.4270760521221497
AUS,36005,1995,118,-0.18291389126755966,2.3896582965427102
AZE,4,2011,140,0.22658453392992056,-1.733373359692827
AZE,4,1997,663,-0.036113984173175025,-1.1775414691482922
AZE,31001,2011,763,-0.8155362929986928,-1.12381777075623
AZE,31001,1997,614,-0.28282968980713535,-1.0519522153706946
AZE,31006,1997,51,-0.3707707168973502,-1.1320959929776377
AZE,31025,1997,57,0.3036448511297916,-1.4829894355666362
BFA,5,2007,70,-1.0225317260360467,-0.6895687767257039
BFA,854001,2007,538,-1.3209359466806,-0.7655484903742421
BFA,854002,2007,72,-1.1216220566983282,-1.134089799312581
BGD,50001,2018,430,-1.585532905012015,-0.6648151298417883
BGD,50001,2002,591,-1.1119165804734026,-0.9907998934930192
BGD,50002,2018,151,-1.4338339286103075,-0.7596587950487669
BGD,50002,2002,410,-1.0718040920247605,-0.9834070794206985
BGD,50003,2002,164,-1.0994791551106882,-1.2604481733277724
BGD,50004,2002,65,-1.1461113486923087,-1.2470264825459163
BGR,2,2006,128,1.4047642057813936,-0.44135120049999205
BGR,100001,1997,226,0.9171646539379653,-0.06037016301915389
BGR,100003,2006,171,0.8884060040729049,-0.8334910246095285
BGR,100003,1997,72,1.0040283857935122,-0.8742553303999271
BGR,100019,2006,77,1.431788703635067,0.014264991413191283
BIH,2,2001,195,1.110370433727011,-0.8500886040837189
BIH,70004,1998,77,-0.07485422498773461,-0.5214194222383705
BIH,70009,2001,119,-0.6594092555572739,-0.7518671706734579
BIH,70009,1998,216,-0.5958956683544322,-0.3744880548219736
BIH,70010,2001,122,-0.19760672355301281,-0.37017130514445523
BIH,70010,1998,84,-0.27659553954761257,-0.2823679344676836
BIH,70015,2001,174,0.4388961020777095,-0.23984128166753713
BIH,70016,1998,125,0.42545025008054815,-0.6061565591752751
BIH,70039,1998,92,0.37807113940137144,-0.4379123142999024
BLR,5,1990,57,1.2042200782016055,-0.9001205477312483
BLR,112001,1990,211,0.6576447160679869,-0.8394853751765242
BLR,112003,1996,172,0.6722014984280732,-1.0950181206592027
BLR,112007,1990,107,1.430292588138187,-0.6282054245087737
BLR,112009,1996,94,0.8248881267361946,-1.4442222880168494
BLR,112011,1990,67,1.6491453845433068,-0.4614501089420596
BLR,112016,1996,89,1.2577081515189865,-0.6877444270044512
BLR,112016,1990,172,1.1128258634800923,-0.5707803090777439
BLR,112024,1996,65,1.1256686587215643,-1.2602735931139932
BLR,112028,1996,55,1.6916080962406028,-1.1247250047966582
BLR,112032,1996,64,0.41394323255642906,-1.6531783014443453
BOL,3,2017,302,-1.1541576645633485,-0.4472507001521837
BOL,5,2017,361,-1.2417896496810525,-0.01215643957262285
BOL,68001,2017,561,-1.2473304908930427,-0.5227743370981751
BOL,68002,2017,101,-1.3231312670020399,-0.18889965017528068
BOL,68003,2017,128,-1.2253205187124059,-0.475964069289609
BRA,4,2014,611,-0.6342227501189446,-0.10754096837572207
BRA,4,2006,303,-0.6990343979857637,-0.168865859270271
BRA,5,2018,138,-0.23123568476837214,-0.08467557604710305
BRA,76001,2014,91,-1.072222004311167,-0.06097156660978421
BRA,76001,2006,167,-0.9196771432524665,-0.15994910628547734
BRA,76001,1997,177,-1.3373459634309004,-0.6427029997089984
BRA,76001,1991,144,-1.0388741235044163,-0.7063077017208759
BRA,76002,2018,265,-0.4122058374204076,-0.024184585375880297
BRA,76002,2014,201,-0.8838948104186439,-0.04729909296255179
BRA,76002,2006,505,-0.9332115767455379,-0.011504654052405673
BRA,76002,1997,262,-0.6852340502895554,-0.2672977563667808
BRA,76002,1991,186,-0.2517474407420419,-0.17480917393305584
BRA,76003,2018,53,-0.2179340332478925,-0.5473145400992951
BRA,76003,2014,53,-1.1303451521186394,0.6010639624404703
BRA,76003,2006,149,-1.0618974583509935,0.2865328579773929
BRA,76003,1997,94,-1.4117175762029905,-0.052101507354954855
BRA,76004,1991,65,-0.6287116051114853,-0.10359291886381275
BRA,76006,2006,52,-0.8871752336592402,-0.28495649244896043
BRA,76006,1997,82,-1.2523009075461458,-0.25999146941561185
BRA,76007,1997,61,-1.34492639744085,-0.5753925342818544
CAN,2,2020,125,1.201273361759425,0.5404682604648393
CAN,4,2006,207,-0.6465889682683816,1.5919003363482978
CAN,5,2020,64,1.294624287782043,1.1901334847505909
CAN,5,2006,62,-0.15002637288106885,2.4449397968023137
CAN,124001,2020,1042,0.5124594292238606,2.485605674282014
CAN,124001,2006,463,-0.9436321285692839,1.9753206320314713
CAN,124001,2000,605,-0.764024394428369,1.8909431978891795
CAN,124002,2020,866,0.4080692227094445,1.8280327269077614
CAN,124002,2006,531,-1.016584606444913,1.7669230899405637
CAN,124002,2000,149,-1.051116685099273,1.826711201879138
CAN,124003,2020,611,1.3379215055358906,2.5503207207514116
CAN,124003,2006,292,-0.36969192362917036,2.281817065984317
CAN,124003,2000,136,-0.35135050246256694,2.30869801970143
CAN,124005,2000,196,-0.7708385783260637,1.8071581769315943
CAN,124006,2020,253,1.4022927311332898,2.5648641058211896
CAN,124006,2006,163,0.28099209968084793,2.224253985705737
CAN,124006,2000,152,-0.06203737071932823,1.9170773998265962
CAN,124007,2020,250,1.25942473526383,2.553454169258982
CHE,756001,1996,136,0.4797337022705493,1.6215822651986476
CHE,756002,1996,149,0.8580525813839901,1.4402795886178041
CHE,756003,1996,95,-0.41713137502916064,1.2237610578729343
CHE,756041,1996,221,0.6959104113518468,1.3414890078532675
CHE,756042,1996,68,0.6305112899538796,1.5224397874587656
CHL,3,2006,241,-0.5565046656455194,-0.10528971480607417
CHL,4,2018,300,0.1743049484170739,-0.135258986005065
CHL,4,2012,211,-0.16692423402908996,-0.15836404191331252
CHL,4,2000,180,-0.7181121284159835,-0.13261164105581766
CHL,4,1996,267,-0.5911231643247677,-0.5978609561831535
CHL,5,1990,83,-1.0762150364122764,-0.4490721334135881
CHL,8,2000,65,-0.7553526734938867,-0.11638467333807923
CHL,152001,2006,68,-0.7472081041836396,-0.24846026050677517
CHL,152001,2000,95,-0.839444961839786,-0.3437273130791518
CHL,152001,1996,57,-0.8101143040472748,-0.3784549983130244
CHL,152002,2012,56,-0.7243725050942089,0.07439198076520769
CHL,152002,2006,80,-0.7532989704697473,0.12415530032889999
CHL,152002,2000,74,-0.8812353551166607,-0.43314932275279244
CHL,152002,1996,58,-0.5252317163559395,-0.2666190841266171
CHL,152002,1990,109,-0.9406952006640962,-0.356058832129297
CHL,152004,2012,89,-0.5754870668010345,0.02900945098573804
CHL,152004,2006,103,-0.9821805415347654,-0.08714591941999239
CHL,152004,2000,154,-1.2585939460006303,-0.04887555038973776
CHL,152004,1996,193,-0.9770030088142329,-0.3822776498489764
CHL,152004,1990,619,-0.9818460587805371,-0.7647845365680959
CHL,152006,2012,64,-0.12334255423125409,0.3889594809018641
CHL,152006,2006,72,-0.7957087317362129,0.10065464768818783
CHL,152006,2000,142,-0.9931008311778183,0.014804673112514486
CHL,152006,1996,106,-0.7336952584189558,-0.29265038949772687
CHL,152007,2012,92,-0.18482379105531785,0.3932636299390733
CHL,152007,2006,124,-0.5662454793029332,0.23273365611446892
CHL,152007,2000,87,-0.5100380920379021,0.15751610463451007
CHL,152007,1996,65,-0.7913725440386085,0.11834946102024672
CHL,152007,1990,153,-0.4971681725415535,-0.04332082749345059
COL,1,2018,60,-1.2606339564446083,0.7404154710045767
COL,3,2018,203,-1.5330780044845649,0.2631803283472002
COL,4,2012,401,-1.7461207305286692,0.1844001394384346
COL,4,2005,570,-1.6846581916597931,0.06023177270817644
COL,5,2005,103,-1.704403456863713,0.3313340813816518
COL,7,2012,64,-1.6089068591035767,0.09033634829141375
COL,8,2005,174,-1.7152359141952422,0.747118108893304
COL,170001,2018,110,-1.697824608164735,-0.16766134447823391
COL,170001,2012,142,-1.9350148150212039,-0.0803911632800971
COL,170001,2005,256,-1.8990148618388056,-0.06812475879354689
COL,170002,2018,208,-1.7591860524934826,-0.017860790130845516
COL,170002,2012,300,-1.898401591201127,-0.07258191155338506
COL,170002,2005,736,-1.8821018914051664,-0.08154696396502091
COL,170003,2018,83,-1.9461071077894745,0.06735060556772289
COL,170003,2012,223,-1.8319783738059092,0.0796091955155557
COL,170003,2005,448,-1.797452267942806,0.35643848706284603
COL,170006,2018,75,-1.1551646442181525,1.423370515518026
COL,170008,2018,56,-1.1246924989261042,1.0781637608176848
COL,170011,2005,111,-1.889320384962009,0.8951038893749824
COL,170014,2005,145,-2.157463592131202,0.04917256796451005
COL,170016,2005,89,-1.3905154641814204,0.6562473647409344
COL,170021,2018,174,-1.8929154423619707,0.1245557115787834
CYP,5,2006,94,-0.6076197599658644,-0.5140706629581223
CYP,196001,2011,96,-0.32885307114998075,-0.7389754748131404
CYP,196001,2006,121,-0.6748558711364034,-0.012619310904486519
CYP,196002,2019,70,-0.8607339162903425,-0.5437789202972018
CYP,196002,2011,93,-0.5218838798615059,-0.4913993780031756
CYP,196002,2006,142,-0.44498288034349226,-0.15752544660548018
CYP,196003,2006,88,-0.9356171201830491,-0.169177761226513
CYP,196009,2011,140,-0.3647963794238131,-0.038526258311895975
CYP,196009,2006,107,-0.8606015510773587,0.10348863693458579
CYP,196011,2011,99,-0.12001496613895375,0.3716227200813717
CYP,196011,2006,144,-0.1687828111640026,0.7100618066511579
CZE,203001,2022,65,1.4279419275785652,0.2843001314463299
CZE,203001,1998,188,1.1941202716942214,0.9282718849897554
CZE,203003,1998,87,0.18426130523500783,0.5214230190564887
CZE,203006,1998,69,1.2893133792325089,0.405467864987614
CZE,203009,2022,114,1.2684330036562448,1.3929229014652016
CZE,203009,1998,140,1.0366199428225016,1.385518660074863
CZE,203013,1998,61,1.2620561491731996,1.6444103686775582
CZE,203048,2022,262,1.1007709676842248,0.8055944586587115
CZE,203050,2022,100,1.2213639035966173,1.5586438531508287
CZE,203076,2022,77,1.4005560924890583,0.9767366751243902
CZE,203078,2022,93,1.3719777498798138,0.9603804800108475
DEU,4,2006,181,2.087381051384761,0.12050801547295066
DEU,276001,2018,359,0.2782443751668048,2.123919032066404
DEU,276001,2013,584,0.58108370179569,1.2788617008092311
DEU,276001,2006,395,0.6404969540293611,0.7113437691545746
DEU,276001,1997,320,0.8956672901833436,0.9225893677151676
DEU,276002,2018,211,0.9910769665352454,2.014681774044197
DEU,276002,2013,380,0.9533431049761046,1.3482933182664663
DEU,276002,2006,352,1.236482733917679,1.1867583024577628
DEU,276002,1997,484,1.8218207397938992,1.115106904095587
DEU,276003,2018,79,0.6996568127738318,2.3061223818738417
DEU,276003,2006,66,1.4056959131287725,1.1198326953960647
DEU,276004,2018,153,1.7149574265488967,2.9193715993101295
DEU,276004,2013,137,1.2944309546472768,2.068038047438548
DEU,276004,2006,88,2.257113405216373,1.9984506564422218
DEU,276004,1997,243,2.5025132386946938,1.8512719802237227
DEU,276005,2013,195,1.4288872100725476,1.1154749790756049
DEU,276005,2006,156,2.0696517440472215,1.06844496142859
DEU,276005,1997,126,2.737078277637789,1.0505543786829672
DEU,276033,2018,66,0.818248301881906,1.4802021750524839
DEU,276034,2018,92,1.6882100726413203,2.60756168143511
DOM,214001,1996,129,-0.9328022988921677,-0.32456051538692904
DOM,214002,1996,87,-1.1866700887380544,0.030405827641124736
DZA,2,2014,154,-0.7093087595205878,-0.8307333444923836
DZA,12001,2014,62,-0.921855178448766,-0.6795426721322326
DZA,12001,2002,273,-1.4307685114571804,-1.1159176375278772
DZA,12003,2002,87,-1.3843537091262363,-1.0738577039804833
DZA,12006,2014,60,-1.00735588629683,-0.6125253484611478
ECU,4,2018,56,-1.4434841575631174,-0.050251614896839145
ECU,4,2013,243,-1.8216680672013694,-0.3640717280075703
ECU,7,2013,63,-1.5757160934633598,-0.30269584419148304
ECU,218001,2018,297,-1.9077678110297787,0.16123260140393045
ECU,218001,2013,646,-1.7495714855435527,-0.18920932610379226
ECU,218014,2018,129,-1.8548132570557985,-0.0673126803776395
ECU,218014,2013,140,-1.7424580795385214,-0.06085093546479411
ECU,218019,2018,62,-1.8697236717676173,-0.3414694900043806
EGY,2,2001,1244,-1.3212369589254926,-0.9140862285057093
EGY,8,2001,313,-1.4983289815326006,-0.6205811605324055
EGY,818001,2001,1096,-1.6609914064096594,-0.49765902089157893
EGY,818002,2001,58,-1.3513430978180094,-0.6289024935295696
ESP,2,2011,156,1.0114635977840563,0.5139825798033579
ESP,2,2007,113,0.3027505836270577,0.22431031311822458
ESP,2,2000,100,0.3651797737890609,0.8284718689051681
ESP,2,1995,126,-0.12294368780544852,0.47423390823901523
ESP,2,1990,111,0.5818674160434829,0.07600772425991018
ESP,724001,2011,163,0.3342549220323058,0.7117903670967688
ESP,724001,2007,387,0.3711443970152607,1.1694023843846333
ESP,724001,2000,232,0.08916602538427007,0.8254179879480046
ESP,724001,1995,187,-0.606358254752999,0.33144592295221414
ESP,724001,1990,253,0.06972774139836979,0.08555328995668196
ESP,724002,2011,228,-0.054835122801354,0.23844907867714935
ESP,724002,2007,209,-0.4708263320631309,0.41433548420485394
ESP,724002,2000,242,-0.3987354048722489,0.45557475115764484
ESP,724002,1995,214,-0.8611039396621917,0.37391056011367296
ESP,724002,1990,90,-0.7008883504477321,-0.27595852954141525
ESP,724003,2000,60,1.0514493963756806,1.5730986255353117
ESP,724003,1995,80,0.8173298009693335,1.5755870679002129
ESP,724003,1990,80,1.2134581060982947,1.5164048904017506
EST,5,2011,59,1.1928047630681238,-0.17865399758588785
EST,233002,2011,305,1.441234008856882,-1.1420517247960478
EST,233002,1996,63,1.3900548060089681,-0.5399275820674752
EST,233005,1996,55,1.431710038545455,-1.1341330752441627
EST,233008,2011,180,0.9218662674768641,0.2492535619820906
EST,233008,1996,90,1.6687915565574125,-0.19415301306069088
EST,233014,1996,60,1.633809781003611,-0.951460391050696
EST,233030,2011,134,0.8709793502252348,0.3301301333525617
EST,233031,2011,187,1.2543531535881103,0.06556000561164312
EST,233035,1996,50,1.012440730159228,-1.1457727430423976
ETH,231005,2020,67,-1.2233140534346385,-1.2322541163837089
ETH,231008,2007,313,-0.45733178120792733,-0.790245245129857
ETH,231010,2007,58,-0.0067110358472790175,-1.8291791964445794
ETH,231011,2007,111,-1.3103970771217779,0.08226419494537945
ETH,231028,2020,503,-1.468161758266698,-0.8320035244370263
ETH,231033,2020,91,-1.2327286823696635,-1.1942935752857307
FIN,2,2005,60,0.6576131882858237,0.5330233821926885
FIN,2,1996,51,1.0393017508514604,0.9831284853465376
FIN,246001,2005,203,0.5168326118680104,1.7472214778768715
FIN,246001,1996,182,0.5704347788626832,1.0443568320206988
FIN,246002,2005,180,0.03079351702044175,1.1617979129139913
FIN,246002,1996,136,0.22528632183753497,0.8681082020430502
FIN,246003,2005,128,0.43506149973830005,1.6622981866073736
FIN,246003,1996,93,0.22845114173922118,1.8241659063885791
FIN,246004,2005,52,0.8250781211867297,2.039401799668649
FIN,246006,2005,83,1.0621234458815503,2.8300147204674
FIN,246006,1996,84,0.9114993803130554,2.0907137863605834
GBR,4,2022,184,1.1337031845103562,1.5480586862485903
GBR,826001,2022,463,0.0931133195424956,2.3635877418111364
GBR,826002,2022,573,1.3423676008224863,2.198381972366748
GBR,826003,2022,186,1.1656143321479913,2.8487699621524594
GBR,826006,2022,122,1.8672264717828158,2.1146782933677013
GBR,826009,2022,138,1.8745825145151362,2.5261806791821275
GEO,2,2014,65,-0.5764668079250652,-1.5005667571586878
GEO,2,2009,94,-0.8515298872155844,-1.3459281790296866
GEO,4,2014,75,-0.5631086175409203,-1.5491641666075326
GEO,268002,1996,98,0.07569461259260944,-0.9059528266343846
GEO,268003,1996,151,0.1953761918244733,-1.761753224319139
GEO,268005,1996,373,-0.17959059379227554,-0.9604941901752797
GEO,268012,1996,82,-0.2582545509487198,-1.0365747009329827
GEO,268013,1996,370,-0.2390832044085971,-1.140856819606504
GEO,268101,2014,97,-0.6287730896557822,-1.5582131444077658
GEO,268101,2009,291,-0.8024689467962388,-1.333925083366166
GEO,268108,2009,54,-0.4503544780631961,-1.530266191033452
GEO,268123,2014,233,-1.0269629769048627,-1.251474599788566
GHA,4,2012,343,-1.99386818915863,-0.8202470438675916
GHA,288001,2012,463,-1.9413058701846193,-0.9622626618049055
GHA,288001,2007,322,-1.561420104407813,-0.8134548395649289
GHA,288002,2012,668,-1.756311122087096,-1.0024643953241692
GHA,288002,2007,692,-1.9496493979052487,-0.673842630921604
GHA,288003,2012,63,-1.9484120395584983,-0.5650842760263711
GRC,2,2017,124,0.2090667870034647,-0.47262889137051484
GRC,3,2017,62,0.40342026217039273,0.04253625204564563
GRC,300002,2017,197,-0.21359154909150233,-0.3702732961808462
GRC,300003,2017,55,1.0331673516202198,-0.054972710758186494
GRC,300110,2017,99,0.6578807258759038,-0.032634210975697055
GTM,4,2004,238,-1.4432295803613824,-0.57424528442577
GTM,320001,2004,427,-1.627402486117291,-0.24576499359970194
GTM,320002,2020,67,-0.6054293591557488,0.23606020999285918
GTM,320002,2004,165,-1.452863434902169,-0.36101356510468857
GTM,320003,2004,60,-1.2909029269994081,-0.8700591501195257
GTM,320006,2020,485,-1.0586506003959768,-0.030675622840093158
HKG,5,2018,130,1.8756912114034578,0.015645471436875693
HKG,5,2014,147,1.0981044541972198,0.04085904842924647
HKG,344003,2018,199,1.547401772310899,0.7801834655523476
HKG,344003,2014,68,0.9885065113621037,1.016512634958394
HKG,344004,2018,343,1.353383181993564,-0.2958637084580953
HKG,344004,2014,148,0.9408553504057142,-0.14049058729405647
HKG,344005,2018,300,1.4742961893690922,0.25219025405698153
HKG,344005,2014,142,0.7958585113634696,0.2702680075364491
HKG,344009,2018,193,1.3378877045643547,-0.5322413619045371
HKG,344009,2014,95,0.9561716577739676,0.20821721470206822
HKG,344013,2018,104,1.3563372394620288,-0.06575503819309948
HKG,344017,2018,59,1.2237168745228304,-0.1168244782000779
HKG,344018,2018,62,1.471462184811533,0.28573570944691956
HKG,344019,2018,59,1.9813193530010174,0.12898626502385707
HKG,344028,2018,62,1.9940663808453225,0.7627030279398102
HKG,344029,2018,65,1.7635383313151143,0.9293415149948585
HRV,191004,1996,285,0.1575654341907094,-0.2892854836801762
HRV,191009,1996,129,1.275187352978531,-0.08574243423455347
HRV,191010,1996,229,1.788905031816225,1.0019961971475526
HRV,191021,1996,99,1.7540146714233484,0.9913659654106676
HTI,2,2016,296,-0.8417631583786669,0.10238955578847102
HTI,5,2016,144,-0.8275368925863922,0.060512047811320566
HTI,332001,2016,52,-1.0625144575561167,0.21577870764364246
HTI,332002,2016,564,-0.8671090584406267,0.06220834358396383
HTI,332003,2016,312,-0.8474815232377367,0.051300378370540814
HTI,332004,2016,217,-0.8437613826103844,0.0023093577975073615
HUN,348004,2009,301,0.46819665828268153,-0.12346975311298415
HUN,348004,1998,170,0.4745035074230254,-0.18859535023576382
HUN,348006,2009,134,0.7490513042170749,-0.45416441634284455
HUN,348006,1998,143,0.9199995165640137,0.1938682537435496
IDN,5,2006,275,-0.24837968578230785,-1.0889962160141469
IDN,5,2001,222,-0.4774819683169624,-1.1513785874466576
IDN,360001,2018,240,-1.3956118721498234,-0.7325907234814519
IDN,360001,2006,159,-0.5584085564368819,-0.9753563286026693
IDN,360001,2001,150,-0.9173797737848001,-0.9895726869055992
IDN,360002,2018,315,-1.3169996683172427,-0.6782568890784971
IDN,360002,2006,135,-0.5331885468734066,-1.132426217493643
IDN,360002,2001,151,-0.9874971547772913,-1.1587459523392205
IDN,360003,2018,111,-1.2583604706225575,-0.8362227850524329
IDN,360003,2001,72,-0.9461290387910333,-1.0602705054786667
IDN,360004,2018,182,-1.3251066272508418,-0.8176668614148305
IDN,360004,2006,145,-0.3750076058662927,-1.2816587834109858
IDN,360005,2018,166,-1.3760352151205615,-0.7242669878212549
IDN,360005,2006,76,-0.5754989126029548,-0.8847749417465862
IDN,360007,2018,845,-1.112682731612799,-0.8836518956124423
IDN,360007,2006,185,-0.30811315309303855,-1.4394960414236169
IDN,360008,2006,204,-0.45272308567107045,-1.194733083375374
IDN,360012,2018,302,-1.2581828252362859,-0.8431962506318824
IDN,360015,2018,153,-1.1628619040752952,-0.8735360494550223
IDN,360017,2018,154,-1.1917667833606873,-0.8197571354838781
IND,5,2023,78,-0.7730592699652521,-0.22969644199947353
IND,356001,1990,62,-0.12839018932420582,-0.5547866657883125
IND,356003,2012,63,-0.3964638749849982,-1.1471913748565037
IND,356003,1995,64,-0.23364832098639685,-0.7825016533501212
IND,356003,1990,341,-0.5516573975704223,-0.45941479081766695
IND,356004,1990,94,0.18925566713521674,-0.6620302754193674
IND,356005,2012,155,-0.40783164880569006,-1.279475527801232
IND,356005,2006,112,-0.09054196023290158,-1.2101935545852134
IND,356005,2001,79,0.19576792158964604,0.08400981317092676
IND,356005,1995,83,0.06666594393492957,-0.40592366527868584
IND,356005,1990,77,-0.13489414149360895,-0.492820336430526
IND,356006,2012,82,-0.3976426058690617,-1.0901058071065943
IND,356017,2012,106,-0.6763942926052101,-1.0933148120325407
IND,356038,1990,58,-1.0460537913066696,0.0932924715276977
IND,356067,2023,226,-0.21264252981757562,-0.17155286927505883
IND,356067,2012,635,-0.7780879637944652,-0.9170505639981097
IND,356067,2006,343,-0.5593489321664503,-0.3045367023933005
IND,356067,2001,285,-0.330349889283879,0.12920155009113113
IND,356067,1995,337,-0.757812800064785,-0.3208328655713279
IND,356067,1990,255,-0.421619315728038,-0.3740144162864554
IND,356068,2023,447,-0.5312565853250868,-0.05277334256113922
IND,356068,2012,573,-0.7746539074854752,-0.6799450585722066
IND,356068,2006,215,-0.466666382966806,0.2664544555735774
IND,356068,2001,233,-0.3155631018158869,-0.23076993548043834
IND,356068,1995,254,-1.0795514680770868,-0.23988460139647533
IND,356068,1990,398,-0.5449475985897421,-0.5510897016403882
IND,356096,2012,100,-0.5860502583539712,-1.1640878194815762
IND,356101,2012,129,-0.6732261537213308,-0.6996891974581113
IND,356102,2012,67,-0.5265081074650905,-0.947235992694376
IND,356116,2023,168,-0.5169602312593345,-0.5402723850813027
IRN,5,2020,334,-0.4451866835608721,-0.9528245927320558
IRN,8,2020,273,-0.6100318895108127,-0.8663813404771464
IRN,364011,2020,230,-0.8186419848316011,-0.8743261411533977
IRN,364012,2020,283,-0.33373046447891985,-0.7514910845507186
IRQ,2,2013,209,-0.34504709684927676,-1.9627945568515246
IRQ,368001,2013,170,-1.4059172368229118,-1.1150362612830023
IRQ,368002,2013,68,-1.0067286243643414,-1.2492025233166528
IRQ,368018,2013,71,-1.0298994944600426,-1.2547084309116887
ISR,4,2001,151,0.17072395475603697,0.5179029662979207
ISR,376001,2001,320,-0.35651161264221487,0.5790468248362706
ISR,376002,2001,173,0.5836165119790343,1.1950661566357352
ISR,376004,2001,63,1.3693219014789042,1.5260970643927039
ISR,376013,2001,51,0.9673990876341578,-1.7893992437509325
JOR,2,2014,253,-1.2254457287241565,-1.5095121691180415
JOR,4,2014,766,-1.4457232389349206,-1.5340216984619264
JOR,4,2001,844,-1.4349903212248505,-1.52424989159032
JOR,400002,2001,77,-1.500262719947573,-1.1939253799254486
JPN,4,2019,211,1.8720012728286899,1.2229305286882723
JPN,4,2010,340,1.9565573245264314,0.8420749104868184
JPN,4,2005,131,2.256540926462258,0.8584906971482746
JPN,4,2000,171,2.361311471292482,0.7464929459536653
JPN,4,1995,288,1.2719188355448943,0.7568977699829456
JPN,4,1990,93,2.089929138081174,0.04586226895957398
JPN,392001,2019,265,1.2620145955376507,1.143430663297108
JPN,392001,2010,253,1.2281548299622704,0.58560497610294
JPN,392001,2005,199,1.3988182164855543,0.6280729812934526
JPN,392001,2000,188,1.1865075274243655,0.7230913575918693
JPN,392001,1995,156,0.5625791639796287,0.7366950556161008
JPN,392001,1990,193,1.211730640388348,0.23583475290195446
JPN,392002,2010,165,1.4937149540912393,0.9478605647221159
JPN,392002,2005,182,1.9104016901423568,0.9601693773079527
JPN,392002,2000,204,1.82642706965434,1.0145820278957358
JPN,392010,1995,87,1.1268731268334107,0.808323561780785
JPN,392014,1990,142,1.659091630773479,0.3699815047904831
JPN,392017,2010,124,1.7092122243204673,1.013986085713222
JPN,392026,2019,61,1.921066711491038,1.4222442522040615
JPN,392027,2019,89,1.7273296729338172,1.790446959738322
KAZ,2,2011,97,0.22931399303541267,-0.848874431818997
KAZ,4,2018,150,0.1657812750773373,-0.6152952440902661
KAZ,4,2011,81,0.25476494078418066,-0.8564019437229663
KAZ,398003,2011,60,-0.3527758745173262,-0.40642076698822727
KAZ,398008,2018,548,-0.24861539607365146,-0.7158792995613859
KAZ,398008,2011,1129,-0.39063201363474354,-0.6434077151813147
KEN,404001,2021,53,-1.113370030126818,0.13726018475881846
KEN,404005,2021,199,-0.9639632747080858,-0.2112905658544916
KEN,404011,2021,223,-0.8953909210906921,-0.32740577741341076
KEN,404017,2021,223,-0.8963876598944055,-0.4251988493828134
KGZ,4,2020,193,-0.7798739354875172,-0.6516188440373559
KGZ,417002,2020,118,-1.795978628970435,-0.5449876196172097
KGZ,417002,2011,446,-0.5660579849387793,-0.8991170285585456
KGZ,417006,2020,164,-1.257824686582426,-0.5551091919157222
KGZ,417018,2011,82,-0.30217438671336505,-0.8112466964273408
KGZ,417018,2003,75,0.2502900229655269,-1.0683129079625622
KGZ,417020,2003,58,0.648773445191788,-1.1481585379936528
KGZ,417021,2003,118,0.3651194343252896,-1.1187866414805787
KGZ,417027,2003,209,-0.4172001258742161,-1.1022155039792965
KGZ,417038,2020,147,-1.4407633508373952,-0.49319189089980553
KGZ,417038,2011,599,-0.6456613200502844,-0.6389080584477668
KGZ,417039,2020,85,-1.564255666343835,-0.6095418531247956
KGZ,417039,2011,104,-0.6436915796186595,-0.5242267185343876
KOR,5,2010,309,1.06567263006269,-0.0637570320578998
KOR,410001,2018,183,1.2681746430950411,-0.7028168209016399
KOR,410001,2010,383,0.6708805991152371,-0.3638180769246777
KOR,410001,2005,585,1.1375264819715116,-0.6264542922173482
KOR,410002,2018,533,1.4480638016115683,-0.3361025803404137
KOR,410002,2010,284,1.1253538462729318,-0.041715479242544144
KOR,410002,2005,74,0.857648322828888,-0.49802544185386866
KOR,410004,2010,62,1.417912213130793,0.37086932456177724
KOR,410004,2005,190,1.120958885910979,-0.07799510739756563
KOR,410006,2005,292,0.832739058258331,0.012919343767023557
KOR,410008,2018,71,1.101356186667069,-0.16317244275903292
LBN,4,2018,386,-0.3594181375291091,-1.1772417886443933
LBN,422001,2018,98,-1.0547202442958103,-0.751233488055375
LBN,422002,2018,95,-0.7233906822918611,-0.8761800634281397
LBN,422003,2018,131,-0.7280755605114512,-0.7313717162971685
LBN,422004,2018,85,-0.5770997899089361,-1.548582370641505
LBN,422005,2018,169,-0.29553304782926865,-1.5034312766981195
LBN,422018,2018,63,-0.6913223845469776,-0.6955656972156515
LBY,2,2014,804,-1.5433365464521256,-1.0752694356306491
LBY,5,2014,86,-1.3461556607074796,-0.9629023845207164
LBY,434001,2022,118,-1.641144064209341,-1.1056398632021227
LBY,434001,2014,184,-1.7941087695984188,-0.9007107921516646
LBY,434002,2022,71,-1.8422709849796135,-1.0629740085300656
LBY,434002,2014,266,-1.6267812838398759,-0.8963159173443856
LBY,434004,2022,57,-1.6494562146465612,-1.0563798054949858
LTU,440003,1997,51,1.322567916634406,-1.2755174472002189
LTU,440004,1997,83,1.1594096979384283,-0.696405716166696
LTU,440074,1997,117,0.40134879480152635,-0.9698495802818696
LVA,428005,1996,71,1.9508575676749045,-0.6195608382456675
LVA,428011,1996,59,0.9688199676826315,-0.4656741090233803
LVA,428014,1996,51,1.945439249824248,-0.2694469662000852
LVA,428023,1996,75,1.0380861043236764,0.06616231986238134
LVA,428032,1996,96,1.2035553758581043,-0.056597429609834195
MAC,5,2019,170,1.5684797134566602,-0.0485048697302829
MAC,446001,2019,62,1.0892344374245406,0.1917601822311665
MAC,446002,2019,51,1.220625022313862,0.15118759851080735
MAC,446004,2019,90,1.1504600196800503,0.5479069001786866
MAC,446005,2019,122,1.4114986261673488,0.6093519055630904
MAC,446011,2019,52,1.0625913856606688,0.5177940268822516
MAR,4,2021,381,-0.21701813420510352,-0.8919593412959117
MAR,8,2021,192,-0.0221579786329337,-1.1162011690426987
MAR,504001,2021,62,-0.20763510007716662,-0.487192609492996
MAR,504002,2021,123,-0.6037207380352858,-0.7403586167362148
MAR,504004,2021,119,-0.786185940912497,-0.5813092349583742
MAR,504006,2021,58,-0.06683805286237313,-0.659145058297274
MAR,504009,2021,121,-0.551261908350382,-0.6339610602954371
MAR,504011,2021,72,-0.41466873024112266,-0.8174031119976407
MDA,2,2006,154,1.2531109167587404,-1.7549527764900947
MDA,4,2002,79,1.5625219606585505,-1.6798386394431772
MDA,498001,2006,69,0.46620567033035076,-1.6770588024142865
MDA,498001,2002,75,0.7538544847383597,-1.229163344925279
MDA,498003,2006,195,0.6351520519762065,-2.010618201601959
MDA,498003,2002,189,0.7559477743729435,-1.6388499001926025
MDA,498003,1996,72,1.0240734342959064,-1.84765972073332
MDA,498005,1996,66,0.4335617277581066,-1.5036361026564906
MDA,498006,1996,51,0.20026786195954396,-1.1475811735364296
MDA,498009,1996,180,0.8767708634255698,-1.6106555735281458
MDA,498019,1996,51,0.8590671816172554,-1.7452311136730307
MDV,4,2021,211,-1.4826210431575053,-0.6765847629982727
MDV,462002,2021,217,-1.3274235276535251,-0.5953820927458848
MDV,462006,2021,314,-1.4375485243250385,-0.6243306654769366
MEX,4,2018,516,-1.0572178820607072,0.061809909828586806
MEX,4,2012,375,-1.459997220325717,0.47123347393331894
MEX,4,2005,136,-1.583448810757014,0.6523593483258413
MEX,4,2000,140,-1.3171361672923565,0.4376652644765756
MEX,4,1996,118,-0.7561118255287428,-0.054611878431290076
MEX,4,1990,115,-0.1305896435733797,0.21380483806892833
MEX,7,2012,79,-1.4593008743032707,0.6050713880028114
MEX,8,2018,52,-1.2087408116141911,0.7797206428833285
MEX,484001,2018,179,-1.2871417694799223,0.24824265053538327
MEX,484001,2012,539,-1.7664643236428728,0.5688109313465631
MEX,484001,2005,319,-1.626525412946685,0.3119003038763828
MEX,484001,2000,397,-1.5376833905335932,0.2561732725303193
MEX,484001,1996,315,-1.1318612519724058,-0.17310003448869185
MEX,484001,1990,353,-0.54920047427101,-0.2011408390247118
MEX,484002,2018,191,-1.2418354200078827,0.20585012431803884
MEX,484002,2012,439,-1.6315441447085925,0.6631892481117941
MEX,484002,2005,351,-1.5858834484899815,0.7919992628590211
MEX,484002,2000,318,-1.450700090018918,0.7170482640381706
MEX,484002,1996,296,-1.0055163126027769,0.3704571068937598
MEX,484002,1990,190,-0.6550476024360262,-0.02741506206134687
MEX,484003,2018,50,-1.1426420392116967,0.06687317169260126
MEX,484003,2012,228,-1.6056279066179098,0.6207475709038316
MEX,484003,2005,290,-1.3106440425437271,0.8366505021441872
MEX,484003,2000,102,-1.3718672388089101,0.5897157066804889
MEX,484003,1996,200,-0.2761452762458555,0.29145649715512073
MEX,484003,1990,132,0.24339071050102215,0.5967193917404944
MEX,484005,2012,67,-1.6706294740174372,0.6812602095004543
MEX,484005,2005,57,-1.4303781990787785,1.1244211728312061
MEX,484022,2018,469,-0.9035688742013414,0.26449116127519806
MKD,7,2001,206,0.4131161609854118,-0.8320498354097047
MKD,807002,2001,55,0.6357939042418234,-0.9919536536759741
MKD,807003,1998,57,0.7454349218627454,-0.24899602176417557
MKD,807008,2001,199,0.051715249725552914,-0.2900551048500057
MKD,807008,1998,154,0.5224634286025975,-0.5818961032688141
MKD,807010,2001,74,-0.29061767942570327,0.23527784411225672
MKD,807011,1998,119,0.49203949466940045,-0.688241940687164
MKD,807037,1998,118,0.6427842430847532,-0.8456378541417627
MKD,807038,1998,82,0.7739730892563659,-0.9313271437924772
MLI,5,2007,56,-1.6613250588885797,-0.4286184399317504
MLI,466001,2007,128,-1.4701062433401086,0.09452310692684761
MLI,466003,2007,87,-1.4360041585231427,-0.12605744670455887
MMR,104001,2020,658,-1.0302588071568914,-0.9399442169654876
MMR,104002,2020,226,-1.091295047632026,-0.9863305263369447
MNE,499001,2001,144,1.8457581939909495,-1.4732863253943145
MNE,499001,1996,70,0.17223813052139625,-0.7151715122535774
MNE,499005,2001,165,0.2833680359977034,-0.5744872097564527
MNG,496001,2020,458,0.5115326351156149,0.24528848004763096
MNG,496002,2020,419,0.7218876022912577,0.18993618306906815
MNG,496003,2020,194,0.949646160550634,0.21459835995908846
MNG,496004,2020,416,1.1764383316065354,-0.10482388022852415
MNG,496005,2020,67,1.1890231076878313,0.024630049076927653
MYS,458001,2012,93,-0.9794426166364725,-0.7006491019163823
MYS,458002,2012,102,-0.09867653901347302,-0.7253832268351981
MYS,458003,2012,92,-1.1459095398629053,-0.8850408898966077
MYS,458005,2018,528,-0.3991850813555756,-0.43589009754363445
MYS,458005,2012,820,-1.203006775282565,-0.62595142632007
MYS,458006,2018,522,0.4830153741731553,-0.22982169424342455
MYS,458007,2018,155,-0.4272268355169041,-0.5432911679567075
MYS,458009,2018,53,1.048894827239363,-0.7481178508358459
NGA,4,2012,307,-0.9389780522222783,-1.3124861847595182
NGA,4,2000,282,-1.7383978457063902,-0.8032295872663643
NGA,566002,2012,442,-1.1155327126450738,-0.7999274375436655
NGA,566004,2012,80,-1.3280687921971306,-0.8213348223742962
NGA,566005,2012,51,-1.635913771135292,-0.8728623536562765
NGA,566006,2012,167,-1.2238109418002643,-1.0942274582624845
NGA,566012,2018,398,-1.2910174791269284,-1.1114525817548533
NGA,566012,2012,612,-1.4052242008161278,-0.5324110903635155
NGA,566012,2000,1003,-1.9305991331624532,-0.5232113067575053
NGA,566017,2000,302,-1.7165965263397793,-0.5389431891262403
NGA,566018,2000,295,-1.8753855436439049,-0.5565948931858274
NGA,566019,1990,193,-1.3478473356503473,-1.1101874373450191
NGA,566020,1990,173,-1.360242427184515,-0.8531262819421077
NGA,566021,2018,420,-1.5578553754048274,-0.9675326163494988
NIC,4,2020,477,-1.5466056009446483,-0.3576762657000901
NIC,558001,2020,345,-1.9101115037364298,-0.2486237273025689
NIR,909004,2022,50,0.8557595549371455,2.244059908472343
NLD,8,2022,64,1.4444767419256654,2.498586274007848
NLD,528002,2022,59,0.315239485306062,2.2478608764210626
NLD,528002,2012,135,-0.2835259878462111,1.6645085305518939
NLD,528003,2022,219,0.8100513738127187,2.678868489174023
NLD,528003,2012,178,0.5995793831519379,2.544626206360747
NLD,528004,2022,154,1.1458867944843043,2.96332700587268
NLD,528004,2012,161,1.1490957377022464,2.8980292017742446
NLD,528013,2022,83,1.4441873318066643,1.8279181136082943
NLD,528013,2012,127,1.0426135206138223,1.3590747435911903
NLD,528014,2022,61,-0.25684102722977015,1.6269669132257687
NLD,528015,2022,68,1.6374154240500316,2.6006803093392095
NLD,528018,2012,87,0.7576218049857726,1.8169289889141977
NLD,528021,2022,71,1.4677334817321674,2.8936962555532113
NLD,528022,2022,74,1.3140212780367302,2.46286290292977
NLD,528022,2012,149,1.152589667713101,2.0614111236605606
NLD,528023,2022,93,1.2487627627072992,2.6278326470012696
NLD,528023,2012,246,0.9192889976009023,2.561885972964009
NLD,528028,2022,84,1.4227019335783149,2.272228604053418
NLD,528033,2022,61,1.53959343900834,3.217844654628372
NOR,578001,2007,300,0.9831448242471659,2.8408674266252856
NOR,578001,1996,383,0.79732620733135,2.148609113548184
NOR,578002,2007,159,0.6598804475369339,2.0494519169242635
NOR,578002,1996,112,0.8161418105576675,1.3558526602371568
NOR,578003,2007,151,0.7946958693891248,3.1600923980644198
NOR,578003,1996,150,0.708921913955812,1.920744280064876
NOR,578004,1996,67,-0.7699390487374844,1.0996265773312626
NOR,578007,2007,60,0.55758387877405,2.745622374543734
NOR,578007,1996,87,0.696020028649248,1.2213163258136184
NOR,578008,2007,86,1.4251464826601,3.4554947075579405
NOR,578008,1996,65,1.3974469756403989,2.5152560243015265
NOR,578009,2007,50,0.9066483800213065,3.0604340202928495
NOR,578009,1996,64,1.0776314177165984,2.1492105461794146
NZL,554005,2020,206,0.5459649604927355,3.078215053079154
NZL,554005,2011,95,0.22607353259373378,2.3508324677566073
NZL,554005,2004,218,-0.09661016754895352,2.673428726522896
NZL,554005,1998,238,0.118859489214295,2.0875291547203867
NZL,554006,2020,175,0.30792006517627774,2.6649257383756413
NZL,554006,2011,226,-0.10606633150610419,2.3238499989772694
NZL,554006,2004,170,-0.06823533127141534,2.3981648606807973
NZL,554006,1998,193,-0.3706075738073588,2.2335861989008565
PAK,2,2018,234,-1.5327952761562196,-0.8310965978422594
PAK,2,2012,107,-0.9376459336358007,-1.2093674883791385
PAK,8,2018,84,-1.29028198044887,-0.7552793582768773
PAK,586001,2018,192,-1.0590413597723594,-0.17236162695378024
PAK,586001,2012,241,-0.941499220410843,-0.5434462205187826
PAK,586001,2001,405,-1.1720997810735831,-1.6071384339738066
PAK,586002,2018,282,-1.4498738671050866,-0.7866926062149617
PAK,586002,2012,317,-1.3267348442638407,-0.5059686480912186
PAK,586002,2001,484,-1.350609272659115,-1.3486614396258993
PAK,586007,2018,506,-1.4592294932729768,-0.6505558574337198
PAK,586007,2012,191,-1.2759187891917045,-0.52529239301752
PAK,586016,2001,69,-1.4229111194576165,-1.5463175720841285
PER,3,2001,68,-1.2575265104743425,-0.4631798338329451
PER,4,2018,498,-1.0639319988964473,-0.5616090355144245
PER,4,2012,256,-0.9713676305974146,-0.3529511202387473
PER,604001,2012,68,-0.9290757526441912,-0.7262213829598586
PER,604001,2001,598,-1.1478241228374018,-0.5659075261640538
PER,604002,2001,222,-1.2231578328660992,-0.3882273256669307
PER,604003,2001,65,-1.2212903698724489,-0.36223975045494344
PER,604004,2001,121,-1.3323392103660507,-0.07329488316265222
PER,604005,1996,78,-0.6114841990148128,-0.11731710695709217
PER,604006,2018,103,-1.1314710508236563,-0.421183613421148
PER,604008,1996,381,-1.0989414905263704,-0.47139594009180563
PER,604024,2012,171,-0.8861944925408529,-0.16029805029330924
PER,604025,2012,57,-0.6453867309338852,-0.21300121489220408
PER,604026,2018,79,-1.1756936203720534,-0.7400953771299358
PER,604026,2012,130,-1.0456643176080587,-0.44406853767935894
PER,604036,2018,60,-1.1335323783369444,-0.5814412038153666
PHL,2,2001,240,-1.0661425913823408,-0.34915242671075664
PHL,2,1996,141,-1.2602653822559338,-0.7348820637233056
PHL,5,2012,53,-1.244533955788253,0.0466625158223741
PHL,608001,2019,69,-1.2499802180359767,0.047042395115029716
PHL,608001,2012,214,-1.3785090849164625,-0.1169006651037097
PHL,608001,2001,136,-1.2732441626494266,-0.32775006600716833
PHL,608001,1996,186,-1.1273856133250955,-0.49039493759854985
PHL,608002,2019,239,-1.4060335794571324,0.02781516329388442
PHL,608002,2012,392,-1.2579147945169489,-0.05431057480643996
PHL,608002,2001,50,-1.3489408303026018,-0.35650097609288944
PHL,608002,1996,63,-1.1421325623359981,-0.23123255712103546
PHL,608003,2019,87,-1.3990554593840039,0.2089649375512723
PHL,608003,2012,125,-1.1162566785169843,0.01574361566311907
PHL,608004,2012,62,-0.9563302126708967,0.0822513944221123
PHL,608004,2001,50,-1.119033941708931,-0.29825889140636086
PHL,608004,1996,53,-1.1333167583615769,-0.4348986169667412
PHL,608005,2019,350,-1.3195370047036286,0.09085002186890467
PHL,608005,2012,73,-1.0433328600963157,-0.2013379710856672
PHL,608005,1996,169,-1.3327711387746106,-0.4821776379068357
PHL,608012,2001,75,-1.2024515352672196,-0.3622993063952275
PHL,608013,2019,159,-1.5563596588558013,0.2139369859199501
PHL,608013,2001,75,-0.9756705694182083,-0.31460383491592814
PHL,608014,2019,123,-1.5221226014844478,0.15605894822135463
PHL,608014,2001,60,-1.0131696360794011,-0.28161471168483077
PHL,608014,1996,101,-1.1086468035876034,-0.5342182279301454
PHL,608015,2001,138,-1.1922733101047078,-0.20908915587201088
PHL,608015,1996,132,-1.278140583669832,-0.4774612026670547
PHL,608016,2001,174,-1.0610837029924498,-0.4920965563103393
PHL,608025,2001,65,-0.6891856254754662,-0.7513029660363525
PHL,608030,1996,61,-1.0750584801562684,-0.533820903068009
POL,2,2012,90,-0.22098888278808645,-0.44147652663082265
POL,2,2005,125,-0.34782261225154976,-0.38070200897942713
POL,616004,2012,56,-0.3992776922793585,0.23422510912530203
POL,616031,2012,111,-1.0768818772106827,-0.3311914899021862
POL,616031,2005,216,-1.0693796596657088,-0.38215738411434885
POL,616032,2012,195,-0.4938832780331098,0.398406559628476
POL,616032,2005,137,-0.597552988024524,0.11425651619478601
POL,616046,2012,55,0.47344664138607345,1.1953862608035162
PRI,8,2018,469,-1.4327728526676606,0.7912500079665395
PRI,630001,2018,199,-1.7157905293127975,0.4078738806681151
PRI,630001,1995,363,-1.9191360223089566,0.1174659010467524
PRI,630002,2018,130,-1.8011554790587343,0.589061128104199
PRI,630002,1995,388,-1.9673267937926935,-0.06019521436531877
PRI,630003,1995,71,-1.4721330636223564,0.4474334210323602
PSE,5,2013,60,-0.6574247292468628,-1.9166176865611904
PSE,275001,2013,312,-1.0609320840806362,-1.2596192189984363
PSE,275002,2013,133,-0.9991497033754906,-1.2198953526148355
ROU,2,2012,63,0.42425391773850746,-1.2753534045755879
ROU,2,2005,164,0.5029174105774027,-1.7671482913622418
ROU,2,1998,123,0.5777529926297478,-1.3356400401599864
ROU,642002,1998,122,0.34880908034817754,-1.2138579143344168
ROU,642003,2005,82,-0.1882794211266126,-1.2911248736381113
ROU,642003,1998,106,0.6150230042782121,-0.8187302210524371
ROU,642004,1998,52,0.4933218944311388,-0.877136226433641
ROU,642007,2005,91,0.033308326604556834,-1.7211707753774508
ROU,642007,1998,86,0.5403759509759669,-0.8019775471688828
ROU,642008,2018,225,-0.6216836189034214,-1.0361643491842134
ROU,642008,2012,62,-0.5664200827888359,-1.3774925484300895
ROU,642008,2005,210,-0.3222343879756573,-1.73413304311139
ROU,642016,1998,110,0.5898544943501411,-0.5754070254471978
ROU,642033,2005,241,-0.17692880787698026,-1.282647389160551
ROU,642035,2012,156,-0.42667747612589024,-1.2113148224936063
ROU,642052,2012,349,-0.24356297752308328,-1.2629546801674807
ROU,642055,2012,69,-0.19070157713510077,-1.6436521269727828
ROU,642060,2018,142,-0.41741656864100446,-0.4058324092502061
ROU,642060,2005,53,-0.09142686149908937,-1.1484197514938321
ROU,642066,1998,61,0.3655843871939416,-0.5692941933367097
RUS,4,2017,163,0.903881255083837,-0.6244156567240386
RUS,4,1995,80,1.6569842674169835,-1.4562515324219345
RUS,643001,1995,56,1.0999991973654548,-1.4192292153118287
RUS,643002,2017,110,0.5293029413507274,-0.8087415113894014
RUS,643002,2011,215,0.5709241789066771,-1.1153137489094782
RUS,643002,1995,268,1.0743317576498859,-1.4640778077963534
RUS,643003,2017,127,0.8999066406139018,-0.6987792095859303
RUS,643003,2011,146,0.48888680240466104,-0.7287458298468262
RUS,643003,1995,69,1.3003453355519834,-1.4407257255090458
RUS,643015,1995,55,1.2358698446981118,-1.332793888919871
RUS,643018,1995,120,0.9685905312327274,-1.1386139816983838
RUS,643019,1995,102,1.3351298275515657,-1.3771200641163601
RUS,643023,1995,62,1.2273944167148063,-1.1123188134545696
RUS,643028,1995,55,1.1194337327330188,-1.1134937412229733
RUS,643032,2017,654,0.17704982029226707,-0.48548264644465644
RUS,643032,2011,644,0.15300071054423658,-0.772961242928803
RUS,643034,2017,52,0.48196496350160334,-0.6483472986367972
RUS,643034,2011,79,0.5058023251904977,-1.048256940245704
RUS,643037,1995,81,1.450857499847596,-0.8908185250261255
RWA,4,2012,232,-1.1538682809984537,-0.8391815386067429
RWA,646104,2012,1031,-1.105189692015398,-0.7168308863010849
RWA,646109,2012,65,-0.9009319564744624,-0.7049953228215761
RWA,646113,2012,53,-1.001265086011893,-0.7407916273428375
SRB,2,2001,132,0.8523520384819594,-1.1251505265320352
SRB,2,1996,84,1.1161246904061495,-0.6432572523705318
SRB,4,1996,76,1.5402473369712824,-0.5739448723556
SRB,688001,2017,76,0.7749276053515938,0.43584755414018844
SRB,688001,2006,150,0.5915798017789449,-0.009422992759114962
SRB,688001,2001,101,0.9815623963249159,0.0143254705305392
SRB,688001,1996,72,1.721363428477166,-0.10794648408737853
SRB,688002,2017,250,0.2577067982808895,-0.1527420779695511
SRB,688003,2017,74,0.5598487997588661,-0.36315010523957136
SRB,688003,2001,63,0.08576143449107024,-0.8994824441719709
SRB,688003,1996,304,0.16952312375242098,-0.7474022393702241
SRB,688004,2006,133,0.06965064622101942,-0.3856650282583887
SRB,688004,1996,57,1.0556071090115386,-0.5507906137478336
SRB,688005,2006,73,0.41279653566223434,0.06930956252530347
SRB,688005,2001,238,0.5871194144985888,-0.4824743915092172
SRB,688005,1996,66,1.6930925517554152,-0.16431386402089057
SRB,688006,2017,62,0.4365828458446455,-0.3198982597933101
SVK,703003,1998,151,0.06397949036665514,-0.0005621461123518526
SVK,703005,2022,68,-0.5356099492697065,-0.4850005600586152
SVK,703005,1998,53,-0.7596529884304702,0.05640988498291667
SVK,703006,1998,105,0.218020059369605,0.21590976374374302
SVK,703008,1998,123,0.7919627444894752,0.5216836512866723
SVK,703015,1998,157,0.7687856905632277,0.32062332306839403
SVK,703047,2022,56,0.11217409881964711,1.027536714387923
SVK,703049,2022,101,0.748831756306982,1.006869507212468
SVK,703050,2022,62,0.7707148223126511,-0.0858107622495577
SVK,703051,2022,126,0.3511991010462048,-0.41015641830583016
SVK,703056,2022,180,0.49038022698820777,0.045317054640646226
SVN,2,2011,171,1.456572707705292,1.1005001815614146
SVN,705002,2011,57,0.7628264919602994,0.2726602025577052
SVN,705003,2005,96,1.1442922061200116,1.1984900831447822
SVN,705003,1995,123,1.1220461862853648,0.704264387978847
SVN,705004,1995,103,0.3980550064730662,-0.18979922948171046
SVN,705006,2011,128,0.49070085799652147,0.5550207811379738
SVN,705006,2005,133,0.5282194031017189,0.6292283564130509
SVN,705006,1995,87,0.7913801828042082,0.5800653745129958
SVN,705007,1995,81,-0.3618589373609277,-0.47525666055190613
SVN,705008,2011,55,1.0645292921677838,1.2084060947355209
SVN,705008,2005,66,1.514416250243081,1.5360144435107328
SVN,705009,1995,70,0.8785809807895166,0.5858342170965269
SWE,5,2006,53,1.6141113950843036,2.789040020830468
SWE,752002,2011,66,1.159038308700947,3.466421037324104
SWE,752002,2006,83,1.2232041384334427,3.299457447848027
SWE,752002,1999,67,1.1269492759864859,3.259650962658595
SWE,752003,1999,57,0.22757756466268375,2.2001090561880554
SWE,752004,2011,103,1.6796740628848428,3.146417153879313
SWE,752004,2006,52,1.8089612533796102,3.530828252283256
SWE,752004,1999,55,1.211050814048953,2.9589406420166164
SWE,752004,1996,93,1.2558366658394082,2.5824736826724
SWE,752005,2011,264,1.22306528426979,3.0748195433964796
SWE,752005,2006,199,1.210417823806436,2.903665198092075
SWE,752005,1999,166,1.0758341608391246,2.778430769283684
SWE,752005,1996,152,1.0813582172653293,2.695548337876029
SWE,752006,2011,197,1.362538388645353,3.0443637775834134
SWE,752006,2006,229,1.144869557574271,3.104571382361836
SWE,752006,1999,170,0.842089595871773,2.6639757820365424
SWE,752006,1996,201,1.0243361319056727,2.502455438802825
SWE,752007,2011,55,1.8992454797650324,3.313412747133566
SWE,752007,1999,86,1.3555354989869033,3.245880533526974
SWE,752007,1996,92,1.2829578026452477,2.8916945451688854
THA,5,2007,587,-0.6398719578896248,-0.25050565974059874
THA,764001,2018,163,-0.0683472599623085,0.06727580058257064
THA,764001,2013,207,-0.18211926356489588,-0.07078372701762706
THA,764001,2007,300,-0.5405312929335504,-0.14198517539507183
THA,764003,2007,52,-0.44079500001315297,-0.9868226593909378
THA,764005,2018,297,0.24360646627208157,0.16827261373327185
THA,764005,2013,317,-0.27146497958677057,-0.0902984175142204
THA,764010,2018,94,0.633090797652608,-0.01266619064309189
THA,764010,2007,491,-0.8514448609120655,-0.06732196071505911
TUN,5,2013,165,-0.8799915486286628,-1.7615088428625447
TUN,788022,2019,84,-0.815806232843449,-1.2837680431903253
TUN,788022,2013,175,-0.8145496406845919,-1.642722953138565
TUN,788023,2019,99,-0.833810976198165,-1.4598913981752673
TUN,788023,2013,122,-1.1497954161146406,-1.5836784268003306
TUR,2,2011,80,-0.48708303821138343,-0.6197248371959401
TUR,2,2007,160,-0.6128061766888382,-0.7767333874801712
TUR,2,1990,92,0.010310993891890486,-0.16908608309723616
TUR,792001,1990,180,-1.1883971342813853,-0.6561626082741999
TUR,792002,2018,459,0.018215320508529878,-0.5243888167555985
TUR,792002,2011,349,-0.7311349527669964,-0.47337492456540825
TUR,792002,2007,143,-0.6783345757569889,-0.3569327232363375
TUR,792003,1990,107,-0.48461508234546774,-0.33591277520775564
TUR,792004,1990,110,-0.9691210455439944,-0.772689109540715
TUR,792005,2018,109,-0.06947034713344666,-0.7684122955692725
TUR,792006,2018,189,-0.4465357245044279,-0.8953692164709582
TUR,792006,2011,100,-1.0991779997041524,-0.8100110445077761
TUR,792006,2007,80,-1.3031090022933045,-0.6811179352675357
TUR,792008,2018,820,-0.6892470754100194,-0.7986375888458381
TUR,792008,2011,518,-1.2315618447576506,-0.6832009578782751
TUR,792008,2007,392,-1.531078458551028,-0.8580712428514906
TUR,792042,1990,171,-0.1600851908926675,-0.20115594969322592
TUR,792050,2018,96,-0.6852265070105844,-0.43701142505716545
TWN,4,2019,210,1.2021711854484083,-0.28289125313292035
TWN,4,2012,121,1.1323340289015795,-0.1806570651246262
TWN,4,2006,62,1.305296218368432,-1.086338468001713
TWN,5,2012,103,1.32765844561241,-0.30933621911138787
TWN,5,2006,424,1.5273325600247056,-1.1428082960578567
TWN,5,1998,225,0.6600236967008853,-0.7616505261227482
TWN,158001,2019,324,1.1074417468257844,-0.3288612888337313
TWN,158001,2012,350,0.8859470174841559,-0.2742286948298385
TWN,158001,2006,429,1.4808660868663472,-0.7214492801261008
TWN,158001,1998,276,0.5300908809739528,-0.6676771019745406
TWN,158002,2019,234,0.8194393615358342,0.08529248649692386
TWN,158002,2012,289,1.2849746005133489,-0.18040569637870202
TWN,158002,2006,222,1.0381607533209432,-0.6677089030837068
TWN,158002,1998,93,0.8309703394088392,-0.5333908874074886
TWN,158013,2019,50,1.4018144335134979,0.7988386170642147
TWN,158020,2019,128,1.3781481417290395,-0.00867309167524075
TWN,158024,2019,54,1.1029620848224182,0.03896544581228
TZA,5,2001,101,-1.399472805727038,-0.9013427591762866
TZA,834003,2001,67,-1.5409499810387124,-0.6501783323679527
TZA,834004,2001,660,-1.9411974011573838,-0.6736248545181939
TZA,834006,2001,76,-1.5433739213492463,-0.6208205736850866
UGA,800002,2001,110,-1.0797415573817772,-0.839092755730651
UGA,800004,2001,373,-1.355819513737799,-0.7311394514733486
UKR,2,2011,112,0.6817639100732132,-1.373034837230135
UKR,4,2011,182,0.7569919251622579,-1.268919980405748
UKR,4,2006,116,0.7303388757362974,-1.1529967951831022
UKR,804005,1996,203,0.9311250969321703,-1.0048505315748872
UKR,804006,2011,65,0.6737750194127714,-1.4223077893522527
UKR,804006,1996,197,1.5015843740764616,-1.8097168952863776
UKR,804009,1996,64,1.2585386750029484,-1.0201950056337175
UKR,804018,1996,54,0.5452335044413551,-1.145533951381111
UKR,804032,1996,92,0.3305275116668762,-1.0323259498418094
UKR,804053,2011,169,0.5159927336144675,-1.1980971487675809
UKR,804053,2006,207,0.5226447676713227,-1.3048386163525147
UKR,804054,2006,116,-0.09703740141354916,-0.5282050326019534
UKR,804101,2011,154,0.054146367418673465,-1.1351591600601396
UKR,804107,2011,123,0.4110767030286948,-1.0303695898702223
UKR,804210,2020,55,1.0360071857551314,-0.6846728163526021
UKR,804218,2020,110,0.4862429933601678,0.01967661798453101
URY,4,2011,70,0.17348433533162438,0.7289158511331659
URY,4,2006,103,-0.5368332104132881,0.6100401974136465
URY,4,1996,91,-0.046697317208959636,0.12841297262689705
URY,858001,2006,54,-0.7166942333123569,0.27466702753313016
URY,858001,1996,155,-0.5312305068931024,-0.025549762466988216
URY,858002,2022,222,-0.7753442696359683,0.9404159139659065
URY,858002,2011,88,-0.5659804204741308,0.6421921145065214
URY,858002,2006,101,-0.9145109661777251,0.46760409199430525
URY,858002,1996,128,-0.5162935875429199,0.07324119265856861
URY,858003,2022,346,0.1309029870506721,1.8439349235869056
URY,858003,2011,286,-0.04357864502727613,0.9985947507354683
URY,858003,2006,278,-0.3521249120491845,1.454111586900736
URY,858003,1996,227,0.385488696460795,1.3150980655259705
USA,2,2011,178,0.09271789051898653,0.2858399267130405
USA,5,2017,326,0.4802522597528905,0.9709872659526566
USA,5,2011,60,0.17740018122014564,0.9659876969556235
USA,5,2006,70,-0.015816536589643784,0.856294180391205
USA,5,1999,94,-0.5361015067003214,1.844702301642602
USA,8,2006,202,-0.4339047035227668,1.327105846100495
USA,8,1995,154,-0.771896613394381,1.5794062883300757
USA,840001,2017,767,-0.6610157371053996,1.0170279235470123
USA,840001,2011,557,-1.130748768004918,1.322665780888476
USA,840001,2006,380,-1.2821714894696834,1.0962670602001583
USA,840001,1999,345,-1.3942157677747395,1.4950355567366564
USA,840001,1995,506,-1.541262969873599,1.2277380768000095
USA,840002,2017,1042,0.9062773004923044,1.998587171542093
USA,840002,2011,656,-0.003660323272627035,1.8241601825391365
USA,840002,2006,482,-0.37178565733554775,1.52264467476715
USA,840002,1999,550,-0.8123290243909789,1.7232582237477538
USA,840002,1995,574,-1.1647532850569817,1.4919712854831806
USA,840004,2017,150,0.9279825628830395,1.4809574844150446
USA,840006,2017,51,2.033253752130523,1.1710982139278443
VEN,4,2021,153,-0.5489223538554269,0.15097060025538392
VEN,4,2000,392,-1.6720054859246805,0.05302424535376371
VEN,4,1996,502,-1.7769082084870538,-0.09377197718758776
VEN,5,2021,313,-1.2021756834020512,-0.46073886059771973
VEN,862001,2000,430,-1.8123124910708583,0.1860606716875015
VEN,862002,2021,87,-1.0577127115408547,-0.6696948867697322
VEN,862002,2000,63,-1.978883695172183,0.17592433817262743
VEN,862002,1996,192,-1.8712276998268187,-0.0934057423096823
VEN,862004,1996,86,-1.8861511777735154,-0.027406585184578065
VEN,862006,2021,104,-0.7813900879150967,-0.2218199395443559
VEN,862006,2000,51,-1.601043760257535,0.7796217930477448
VEN,862007,1996,76,-1.685104597528337,-0.07836325738623191
VEN,862010,2021,55,-1.0634263047452963,-0.5095356878220801
VEN,862031,2021,318,-1.3014628225605922,-0.12367820205765903
VEN,862032,2021,118,-1.0572900834340226,-0.25417179260796213
YEM,2,2014,117,-1.0710895162767475,-1.4292007063197285
YEM,887001,2014,63,-1.7205649587940963,-0.8936892714249369
YEM,887002,2014,147,-1.3504170791151937,-1.1153734303310427
ZAF,2,2013,233,-0.07914391510008693,-0.145066192143282
ZAF,2,1996,149,-1.262641497925668,-0.8918035130357443
ZAF,4,2001,170,-0.8928068698872281,-0.4551582947328124
ZAF,4,1996,140,-1.23878850754874,-0.7195513700473259
ZAF,710002,2001,89,-1.6968532187967755,-0.15142067319611308
ZAF,710003,2013,1735,-0.24020756193001072,0.16844427872784196
ZAF,710003,2001,1036,-1.0483751235300287,-0.44453264651396146
ZAF,710003,1996,1167,-1.2465829838997051,-0.5222737339328324
ZAF,710003,1990,610,-0.7436915863055663,-0.5407279740459675
ZAF,710006,2013,440,-0.4950671403306602,-0.07030963104358103
ZAF,710006,2001,826,-1.0871178489475273,-0.03335324246366245
ZAF,710007,1996,79,-1.3549362519145758,-0.5718014212267184
ZAF,710008,2001,51,-0.9664862156671487,-0.9350091098726446
ZAF,710008,1996,54,-0.9496311458150042,-1.4348547219978303
ZAF,710008,1990,52,-0.27683532875760164,-1.232259826793159
ZAF,710013,1990,211,-1.4542590399537243,-0.14797138441514623
ZAF,710014,1996,102,-0.5594996595149165,0.7187358095509446
ZAF,710014,1990,194,-0.2008260421529595,0.6383553007938682
ZAF,710015,1996,559,-1.5025804159266303,-0.3851658974737312
ZAF,710015,1990,570,-1.2586903832013019,0.1372461259437216
ZAF,710029,2013,58,0.08766628530426321,0.15520178871195392
ZMB,894001,2007,328,-0.7530196371417802,-1.0372510961916463
ZMB,894002,2007,411,-0.2177964314760796,-0.7966545018788056
ZMB,894003,2007,222,-0.5448856966408799,-0.9666959438045624
ZWE,4,2001,84,-1.1889419062129312,-1.8882895717266819
ZWE,716002,2020,63,-0.10987876188780282,-1.8453927278345406
ZWE,716002,2012,559,-1.107179196398004,-0.9206495530671174
ZWE,716010,2020,329,-0.1258740253731268,-2.2030697862460897
ZWE,716010,2001,173,-0.8004241986079668,-1.6336121932336862
ZWE,716016,2020,51,-0.8647322948199317,-1.7527306887506098
ZWE,716027,2020,351,-1.0279494554733373,-1.6676339763331771
ZWE,716027,2012,555,-1.3816185248958912,-0.7172037475658041
ZWE,716027,2001,224,-1.4621899014509843,-1.4792622383854668
